{"1000": {"0.1": {"omega": [0.9737531590124903, 0.9073700281429821, 0.8645830820278447, 0.841633874374741, 0.7759544678011285, 0.7422187839166483, 0.7030554943664701]}, "0.3": {"omega": [0.9199148779722622, 0.8631201016847463, 0.8134343221289178, 0.7992343150514326, 0.7187604558836894, 0.7039475303163882, 0.6682847180381178]}}, "5000": {"0.1": {"omega": [0.95319026226814, 0.900311274252154, 0.8423904793784043, 0.7935744715545937, 0.7379880784317804, 0.7016784728879382, 0.6557048270915427]}, "0.3": {"omega": [0.9321477012036405, 0.8720680656035452, 0.7933855146922246, 0.7424470615946059, 0.6860606097017576, 0.6484050690314566, 0.6114447431183921]}}}